district,osm_id,electoral_district
Адыгея,,1
Республика Алтай,,2
Дёмский район,,3
Кировский район,5523570,3
Советский район,3856973,3
Благоварский район,,3
Буздякский район,,3
Давлекановский район,,3
Кармаскалинский район,,3
Авдонский сельсовет,,3
Булгаковский сельсовет,,3
Жуковский сельсовет,,3
Зубовский сельсовет,,3
Ольховский сельсовет,,3
Таптыковский сельсовет,,3
Чесноковский сельсовет,,3
Юматовский сельсовет,,3
Чекмагушевский район,,3
Чишминский район,,3
Ленинский район,5523346,4
Орджоникидзевский район,5523682,4
Аскинский район,,4
Балтачевский район,,4
Белокатайский район,,4
Бирский район,,4
Благовещенский район,398512,4
Бураевский район,,4
Дуванский район,,4
Караидельский район,,4
Кигинский район,,4
Кушнаренковский район,,4
Мечетлинский район,,4
Мишкинский район,,4
Нуримановский район,,4
Салаватский район,,4
Татышлинский район,,4
Алексеевский сельсовет,,4
Дмитриевский сельсовет,,4
Кармасанский сельсовет,,4
Красноярский сельсовет,,4
Миловский сельсовет,,4
Михайловский сельсовет,,4
Николаевский сельсовет,,4
Черкасский сельсовет,,4
Шемякский сельсовет,,4
Калининский район,5523739,5
Октябрьский район,5493970,5
ЗАТО Межгорье,,5
Архангельский район,,5
Белорецкий район,,5
Иглинский район,,5
Кирилловский сельсовет,,5
Русско-Юрмашский сельсовет,,5
Учалинский район,,5
городской округ Агидель,,6
городской округ Нефтекамск,,6
городской округ Октябрьский,,6
Бакалинский район,,6
Дюртюлинский район,,6
Илишевский район,,6
Калтасинский район,,6
Краснокамский район,,6
Туймазинский район,,6
Шаранский район,,6
Янаульский район,,6
городской округ Кумертау,,7
городской округ Салават,,7
городской округ Сибай,,7
Абзелиловский район,,7
Баймакский район,,7
Бурзянский район,,7
Зианчуринский район,,7
Зилаирский район,,7
Кугарчинский район,,7
Куюргазинский район,,7
Мелеузовский район,,7
Стерлибашевский район,,7
Фёдоровский район,398533,7
Хайбуллинский район,,7
городской округ Стерлитамак,,8
Альшеевский район,,8
Аургазинский район,,8
Белебеевский район,,8
Бижбулякский район,,8
Гафурийский район,,8
Ермекеевский район,,8
Ишимбайский район,,8
Миякинский район,,8
Стерлитамакский район,,8
Республика Бурятия,,9
городской округ Каспийск,,10
городской округ Кизилюрт,,10
городской округ Кизляр,,10
городской округ Махачкала,,10
городской округ Южно-Сухокумск,,10
Бабаюртовский район,,10
Кизилюртовский район,,10
Кизлярский район,,10
Кумторкалинский район,,10
Ногайский район,,10
Тарумовский район,,10
городской округ Буйнакск,,11
городской округ Хасавюрт,,11
Ахвахский район,,11
Ботлихский район,,11
Буйнакский район,,11
Гергебильский район,,11
Гумбетовский район,,11
Гунибский район,,11
Казбековский район,,11
Левашинский район,,11
Новолакский район,,11
Тляратинский район,,11
Унцукульский район,,11
Хасавюртовский район,,11
Хунзахский район,,11
Цумадинский район,,11
Цунтинский район,,11
Чародинский район,,11
Шамильский район,,11
городской округ Дагестанские Огни,,12
городской округ Дербент,,12
городской округ Избербаш,,12
Агульский район,,12
Акушинский район,,12
Ахтынский район,,12
Дахадаевский район,,12
Дербентский район,,12
Докузпаринский район,,12
Кайтагский район,,12
Карабудахкентский район,,12
Каякентский район,,12
Кулинский район,,12
Курахский район,,12
Лакский район,,12
Магарамкентский район,,12
Рутульский район,,12
Сергокалинский район,,12
Сулейман-Стальский район,,12
Табасаранский район,,12
Хивский район,,12
Ингушетия,,16
Кабардино-Балкария,,17
Калмыкия,,18
Карачаево-Черкесия,,19
Карелия,,20
Республика Коми,,21
городской округ Симферополь,,22
Бахчисарайский район,,22
Симферопольский район,,22
городской округ Керчь,,23
городской округ Алушта,,23
городской округ Судак,,23
городской округ Феодосия,,23
городской округ Ялта,,23
Белогорский район,,23
Кировский район,1754556,23
Ленинский район,1754557,23
городской округ Джанкой,,24
городской округ Евпатория,,24
городской округ Красноперекопск,,24
городской округ Саки,,24
городской округ Армянск,,24
Джанкойский район,,24
Красногвардейский район,1754554,24
Красноперекопский район,1754555,24
Нижнегорский район,,24
Первомайский район,1754559,24
Раздольненский район,,24
Сакский район,,24
Советский район,1754562,24
Черноморский район,,24
Марий Эл,,27
Республика Саха (Якутия),,29
Северная Осетия — Алания,,30
Вахитовский район,,31
Приволжский район,2133466,31
Балтасинский район,,31
Кукморский район,,31
Лаишевский район,,31
Мамадышский район,,31
Пестречинский район,,31
Рыбно-Слободский район,,31
Сабинский район,,31
Тюлячинский район,,31
Кировский район,2133463,32
Московский район,2133464,32
Апастовский район,,32
Арский район,,32
Атнинский район,,32
Буинский район,,32
Верхнеуслонский район,,32
Высокогорский район,,32
Дрожжановский район,,32
Зеленодольский район,,32
Кайбицкий район,,32
Камско-Устьинский район,,32
Тетюшский район,,32
Аксубаевский район,,33
Алексеевский район,367113,33
Алькеевский район,,33
Елабужский район,,33
Абалачевское сельское поселение,,33
Брюшлинское сельское поселение,,33
Нижнекамский район,,33
Новошешминский район,,33
Нурлатский район,,33
Спасский район,367117,33
Черемшанский район,,33
Чистопольский район,,33
городской округ Набережные Челны,,34
Агрызский район,,34
Актанышский район,,34
городское поселение Менделеевск,,34
Бизякинское сельское поселение,,34
Енабердинское сельское поселение,,34
Ижевское сельское поселение,,34
Камаевское сельское поселение,,34
Монашевское сельское поселение,,34
Мунайкинское сельское поселение,,34
Псеевское сельское поселение,,34
Старогришкинское сельское поселение,,34
Татарско-Челнинское сельское поселение,,34
Тихоновское сельское поселение,,34
Тойгузинское сельское поселение,,34
Тураевское сельское поселение,,34
Мензелинский район,,34
Тукаевский район,,34
Азнакаевский район,,35
Альметьевский район,,35
Бавлинский район,,35
Бугульминский район,,35
Заинский район,,35
Лениногорский район,,35
Муслюмовский район,,35
Сармановский район,,35
Ютазинский район,,35
Авиастроительный район,,36
Ново-Савиновский район,,36
Советский район,2133467,36
Республика Тыва,,37
городской округ Воткинск,,38
городской округ Глазов,,38
Индустриальный район,971647,38
Устиновский район,,38
Балезинский район,,38
Воткинский район,,38
Глазовский район,,38
Дебёсский район,,38
Игринский район,,38
Кезский район,,38
Красногорский район,956130,38
Селтинский район,,38
Шарканский район,,38
Юкаменский район,,38
Якшур-Бодьинский район,,38
Ярский район,,38
Ленинский район,971635,39
Октябрьский район,971646,39
Первомайский район,971633,39
городской округ Можга,,39
городской округ Сарапул,,39
Алнашский район,,39
Вавожский район,,39
Граховский район,,39
Камбарский район,,39
Каракулинский район,,39
Кизнерский район,,39
Киясовский район,,39
Малопургинский район,,39
Можгинский район,,39
Сарапульский район,,39
Сюмсинский район,,39
Увинский район,,39
Республика Хакасия,,40
Чечня,,41
городской округ Новочебоксарск,,42
Калининский район,3889739,42
Батыревский муниципальный округ,,42
Канашский муниципальный округ,,42
Козловский муниципальный округ,,42
Комсомольский муниципальный округ,,42
Мариинско-Посадский муниципальный округ,,42
Урмарский муниципальный округ,,42
Цивильский муниципальный округ,,42
Шемуршинский муниципальный округ,,42
Яльчикский муниципальный округ,,42
Янтиковский муниципальный округ,,42
Ленинский район,3889738,43
Московский район,4016353,43
Алатырский муниципальный округ,,43
Аликовский муниципальный округ,,43
Вурнарский муниципальный округ,,43
Ибресинский муниципальный округ,,43
Красноармейский муниципальный округ,1761227,43
Красночетайский муниципальный округ,,43
Моргаушский муниципальный округ,,43
Порецкий муниципальный округ,,43
Шумерлинский муниципальный округ,,43
Ядринский муниципальный округ,,43
городской округ Алейск,,44
Железнодорожный район,4028307,44
Центральный район,3224888,44
городской округ Белокуриха,,44
городской округ Рубцовск,,44
муниципальный округ Змеиногорский район,,44
Солонешенский район,,44
муниципальный округ Чарышский район,,44
Алейский район,,44
Алтайский район,,44
Быстроистокский район,,44
Егорьевский район,,44
Калманский район,,44
Краснощёковский район,,44
Курьинский район,,44
Локтевский район,,44
Новичихинский район,,44
Петропавловский район,1150953,44
Поспелихинский район,,44
Рубцовский район,,44
Смоленский район,,44
Советский район,1150928,44
Топчихинский район,,44
Третьяковский район,,44
Усть-Калманский район,,44
Усть-Пристанский район,,44
Шипуновский район,,44
Ленинский район,4475886,45
Октябрьский район,4024771,45
городской округ Бийск,,45
городской округ Заринск,,45
городской округ Новоалтайск,,45
ЗАТО Сибирский,,45
Залесовский муниципальный округ,,45
Зональный район,,45
Бийский район,,45
Ельцовский район,,45
Заринский район,,45
Косихинский район,,45
Красногорский район,1150926,45
Кытмановский район,,45
Первомайский район,1314056,45
Солтонский район,,45
Тогульский район,,45
Троицкий район,1150931,45
Целинный район,,45
Индустриальный район,4030715,46
городской округ Яровое,,46
муниципальный округ Славгород,,46
Кулундинский район,,46
Немецкий национальный район,,46
муниципальный округ Суетский район,,46
Баевский район,,46
Благовещенский район,1083300,46
Бурлинский район,,46
Волчихинский район,,46
Завьяловский район,1150951,46
Каменский район,1100041,46
Ключевский район,,46
Крутихинский район,,46
Мамонтовский район,,46
Михайловский район,,46
Павловский район,1150923,46
Панкрушихинский район,,46
Ребрихинский район,,46
Родинский район,,46
Романовский район,1100039,46
Табунский район,,46
Тальменский район,,46
Тюменцевский район,,46
Угловский район,,46
Хабарский район,,46
Шелаболихинский район,,46
Забайкальский край,,47
Камчатский край,,48
Карасунский округ,,49
Центральный округ,916832,49
Васюринское сельское поселение,,49
Динское сельское поселение,,49
Красносельское сельское поселение,,49
Мичуринское сельское поселение,5680386,49
Первореченское сельское поселение,,49
Пластуновское сельское поселение,,49
Старомышастовское сельское поселение,,49
Тимашёвский район,,49
Приморско-Ахтарский муниципальный округ,,50
Нововеличковское сельское поселение,,50
Новотитаровское сельское поселение,,50
Южно-Кубанское сельское поселение,,50
Калининский район,365308,50
Красноармейский район,364123,50
Западный округ,,51
муниципальный округ Горячий Ключ,,51
Северский район,,51
муниципальный округ Анапа,,52
Абинский район,,52
Крымский район,,52
Славянский район,,52
Темрюкский район,,52
городской округ Геленджик,,53
городской округ Новороссийск,,53
Туапсинский муниципальный округ,,53
Хадыженское городское поселение,,53
Кабардинское сельское поселение,,53
Кубанское сельское поселение,3877522,53
Куринское сельское поселение,,53
Тверское сельское поселение,,53
городской округ Сириус,,54
городской округ Сочи,,54
Апшеронское городское поселение,,54
Нефтегорское городское поселение,,54
Мезмайское сельское поселение,,54
Нижегородское сельское поселение,,54
Новополянское сельское поселение,,54
Отдалённое сельское поселение,,54
Черниговское сельское поселение,,54
Белореченский район,,54
городской округ Армавир,,55
Курганинский район,,55
Лабинский район,,55
Мостовский район,,55
Новокубанский район,,55
Отрадненский район,,55
Успенский район,,55
Белоглинский район,,56
Выселковский район,,56
Гулькевичский район,,56
Кавказский район,,56
Кореновский район,,56
Ильинское сельское поселение,,56
Кубанское сельское поселение,6647814,56
Новопокровское сельское поселение,,56
Покровское сельское поселение,6647818,56
Тбилисский район,,56
Тихорецкий район,,56
Усть-Лабинский район,,56
Ленинградский муниципальный округ,,57
Брюховецкий район,,57
Ейский район,,57
Каневской район,,57
Крыловский район,,57
Кущёвский район,,57
Горькобалковское сельское поселение,,57
Калниболотское сельское поселение,,57
Незамаевское сельское поселение,,57
Новоивановское сельское поселение,,57
Павловский район,918995,57
Староминский район,,57
Щербиновский район,,57
городской округ Бородино,,58
городской округ Канск,,58
Кировский район,5854089,58
Ленинский район,5854090,58
Свердловский район,5854092,58
ЗАТО Зеленогорск,,58
Зыковский сельсовет,,58
Маганский сельсовет,,58
Ирбейский район,,58
Канский район,,58
Манский район,,58
Партизанский район,,58
Рыбинский район,,58
Саянский район,,58
Уярский район,,58
городской округ Ачинск,,59
Советский район,5854093,59
Центральный район,5854094,59
городской округ Сосновоборск,,59
ЗАТО Железногорск,,59
городской округ Кедровый,,59
Козульский район,,59
Ачинский район,,59
городское поселение Берёзовка,,59
Бархатовский сельсовет,,59
Вознесенский сельсовет,,59
Есаульский сельсовет,,59
городское поселение Емельяново,,59
Гаревский сельсовет,,59
Еловский сельсовет,,59
Никольский сельсовет,,59
сельсовет Памяти 13 Борцов,,59
Солонцовский сельсовет,,59
Тальский сельсовет,,59
Устюгский сельсовет,,59
Частоостровский сельсовет,,59
Шуваевский сельсовет,,59
Элитовский сельсовет,,59
городской округ Дивногорск,,60
Железнодорожный район,5854088,60
Октябрьский район,5854091,60
городской округ Минусинск,,60
городской округ Назарово,,60
городской округ Шарыпово,,60
ЗАТО Солнечный,1165299,60
Каратузский район,,60
Новосёловский район,,60
Шарыповский муниципальный округ,,60
Шушенский район,,60
Балахтинский район,,60
Зеледеевский сельсовет,,60
Мининский сельсовет,,60
Ермаковский район,,60
Идринский район,,60
Краснотуранский район,,60
Курагинский район,,60
Минусинский район,,60
Назаровский район,,60
Ужурский район,,60
городской округ Боготол,,61
городской округ Енисейск,,61
городской округ Лесосибирск,,61
городской округ Норильск,,61
Бирилюсский район,,61
Боготольский район,,61
Иланский район,,61
Кежемский район,,61
Пировский муниципальный округ,,61
Северо-Енисейский район,,61
Тюхтетский муниципальный округ,,61
Абанский район,,61
Богучанский район,,61
Большемуртинский район,,61
Большеулуйский район,,61
Дзержинский район,1161670,61
Енисейский район,,61
Казачинский район,,61
Мотыгинский район,,61
Нижнеингашский район,,61
Сухобузимский район,,61
Таймырский Долгано-Ненецкий район,,61
Тасеевский район,,61
Туруханский район,,61
Эвенкийский район,,61
Дзержинский район,1268696,62
Кировский район,1268698,62
Ленинский район,1268697,62
ЗАТО Звёздный,,62
Чайковский городской округ,,62
Бардымский муниципальный округ,,62
Большесосновский муниципальный округ,,62
Еловский муниципальный округ,,62
Куединский муниципальный округ,,62
Осинский муниципальный округ,,62
Оханский муниципальный округ,,62
Очёрский муниципальный округ,,62
Частинский муниципальный округ,,62
Мотовилихинский район,,63
Орджоникидзевский район,1268692,63
Александровский муниципальный округ,956946,63
Берёзовский муниципальный округ,1075337,63
Горнозаводский муниципальный округ,,63
Губахинский муниципальный округ,,63
Добрянский муниципальный округ,,63
муниципальный округ Кизел,,63
Лысьвенский муниципальный округ,,63
Чусовской муниципальный округ,,63
Индустриальный район,1268694,64
Свердловский район,1268699,64
Кишертский муниципальный округ,,64
Кунгурский муниципальный округ,,64
Октябрьский муниципальный округ,1076382,64
Ординский муниципальный округ,,64
Суксунский муниципальный округ,,64
Уинский муниципальный округ,,64
Чернушинский муниципальный округ,,64
муниципальный округ Березники,,65
Верещагинский муниципальный округ,,65
Гайнский муниципальный округ,,65
Ильинский муниципальный округ,,65
Карагайский муниципальный округ,,65
Косинский муниципальный округ,,65
Кочёвский муниципальный округ,,65
Красновишерский муниципальный округ,,65
Краснокамский муниципальный округ,,65
Кудымкарский муниципальный округ,,65
Нытвенский муниципальный округ,,65
Сивинский муниципальный округ,,65
Соликамский муниципальный округ,,65
Чердынский муниципальный округ,,65
Юрлинский муниципальный округ,,65
Юсьвинский муниципальный округ,,65
Ленинский район,1933824,66
Первомайский район,1933826,66
Фрунзенский район,1933812,66
Уссурийский городской округ,,66
Октябрьский муниципальный округ,1644100,66
Пограничный муниципальный округ,,66
Ханкайский муниципальный округ,,66
Хасанский муниципальный округ,,66
Надеждинский район,,66
Артёмовский городской округ,,67
Первореченский район,,67
Советский район,2517328,67
городской округ Большой Камень,,67
городской округ Спасск-Дальний,,67
ЗАТО Фокино,,67
Михайловский муниципальный округ,1644091,67
Хорольский муниципальный округ,,67
Черниговский муниципальный округ,,67
Шкотовский муниципальный округ,,67
Спасский район,1644131,67
Арсеньевский городской округ,,68
Дальнереченский городской округ,,68
Находкинский городской округ,,68
Партизанский городской округ,,68
Анучинский муниципальный округ,,68
Дальнегорский городской округ,,68
Кавалеровский муниципальный округ,,68
Красноармейский муниципальный округ,1645855,68
Лазовский муниципальный округ,,68
Лесозаводский городской округ,,68
Ольгинский муниципальный округ,,68
Партизанский муниципальный округ,,68
Пожарский муниципальный округ,,68
Тернейский муниципальный округ,,68
Чугуевский муниципальный округ,,68
Яковлевский муниципальный округ,1645107,68
Дальнереченский район,,68
Кировский район,1644137,68
Ленинский район,5856841,69
Октябрьский район,5856842,69
Александровский муниципальный округ,1030121,69
Благодарненский муниципальный округ,,69
Грачёвский муниципальный округ,,69
Ипатовский муниципальный округ,,69
Красногвардейский муниципальный округ,,69
Новоселицкий муниципальный округ,,69
Петровский муниципальный округ,,69
Труновский муниципальный округ,,69
городской округ Невинномысск,,70
Промышленный район,5856843,70
Андроповский муниципальный округ,,70
Изобильненский муниципальный округ,,70
Кочубеевский муниципальный округ,,70
Новоалександровский муниципальный округ,,70
городской округ Лермонтов,,71
городской округ Ессентуки,,71
городской округ Железноводск,,71
городской округ Кисловодск,,71
городской округ Пятигорск,,71
Минераловодский муниципальный округ,,71
Предгорный муниципальный округ,,71
Апанасенковский муниципальный округ,,72
Арзгирский муниципальный округ,,72
Будённовский муниципальный округ,,72
Георгиевский муниципальный округ,,72
Кировский муниципальный округ,,72
Курский муниципальный округ,,72
Левокумский муниципальный округ,,72
Нефтекумский муниципальный округ,,72
Советский муниципальный округ,,72
Степновский муниципальный округ,,72
Туркменский муниципальный округ,,72
Индустриальный район,1785055,73
Кировский район,1785056,73
Центральный район,1785058,73
Бикинский муниципальный округ,,73
Ванинский район,,73
Вяземский район,,73
Комсомольский район,1651726,73
район имени Лазо,,73
Нанайский район,,73
Николаевский район,1651609,73
Советско-Гаванский район,,73
Ульчский район,,73
Корфовское городское поселение,,73
Дружбинское сельское поселение,,73
Князе-Волконское сельское поселение,,73
Корсаковское сельское поселение,,73
Осиновореченское сельское поселение,,73
сельское поселение Село Бычиха,,73
сельское поселение Село Ильинка,,73
сельское поселение Село Казакевичево,,73
сельское поселение Село Некрасовка,,73
городской округ Комсомольск-на-Амуре,,74
Железнодорожный район,1785054,74
Краснофлотский район,,74
Охотский муниципальный округ,,74
Амурский район,,74
Аяно-Майский район,,74
Верхнебуреинский район,,74
район имени Полины Осипенко,,74
Солнечный район,,74
Тугуро-Чумиканский район,,74
Анастасьевское сельское поселение,,74
Восточное сельское поселение,,74
Галкинское сельское поселение,,74
Елабужское сельское поселение,,74
Куканское сельское поселение,,74
Малышевское сельское поселение,,74
Мирненское сельское поселение,3943349,74
Мичуринское сельское поселение,3791218,74
Наумовское сельское поселение,,74
Побединское сельское поселение,,74
Ракитненское сельское поселение,,74
Сергеевское сельское поселение,,74
Тополевское сельское поселение,,74
Улика-Национальное сельское поселение,,74
сельское поселение Село Новокуровка,,74
сельское поселение Село Петропавловка,,74
сельское поселение Село Сикачи-Алян,,74
сельское поселение Село Челны,,74
Амурская область,,75
Маймаксанский округ,,76
Октябрьский округ,5843673,76
Северный округ,,76
Соломбальский округ,,76
муниципальный округ Северодвинск,,76
Каргопольский муниципальный округ,,76
Няндомский муниципальный округ,,76
Онежский муниципальный округ,,76
Плесецкий муниципальный округ,,76
Вельский район,,76
Коношский район,,76
Варавино-Фактория,,77
Исакогорский округ,,77
Ломоносовский округ,,77
Майская Горка,,77
Цигломенский округ,,77
городской округ Коряжма,,77
городской округ Новодвинск,,77
городской округ Котлас,,77
ЗАТО Мирный,,77
городской округ Новая Земля,,77
Верхнетоемский муниципальный округ,,77
Вилегодский муниципальный округ,,77
Виноградовский муниципальный округ,,77
Котласский муниципальный округ,,77
Красноборский муниципальный округ,,77
Лешуконский муниципальный округ,,77
Мезенский муниципальный округ,,77
Пинежский муниципальный округ,,77
Устьянский муниципальный округ,,77
Холмогорский муниципальный округ,,77
Шенкурский муниципальный округ,,77
Ленский район,,77
Астраханская область,,78
городской округ Белгород,,79
Белгородский район,,79
Борисовский район,,79
Грайворонский муниципальный округ,,79
Ивнянский район,,79
Корочанский район,,79
Краснояружский район,,79
Прохоровский район,,79
Ракитянский район,,79
Яковлевский муниципальный округ,1645370,79
Губкинский городской округ,,80
Старооскольский городской округ,,80
Алексеевский муниципальный округ,,80
Валуйский муниципальный округ,,80
Вейделевский район,,80
Волоконовский район,,80
Красненский район,,80
Красногвардейский район,1645368,80
Новооскольский муниципальный округ,,80
Ровеньский район,,80
Чернянский район,,80
Шебекинский муниципальный округ,,80
Советский район,5518648,81
Фокинский район,,81
Новозыбковский городской округ,,81
Стародубский муниципальный округ,,81
Брасовский район,,81
Добрунское сельское поселение,,81
Мичуринское сельское поселение,2591531,81
Свенское сельское поселение,,81
Снежское сельское поселение,,81
Супоневское сельское поселение,,81
Выгоничский район,,81
Злынковский район,,81
Карачевский район,,81
Климовский район,,81
Комаричский район,,81
Навлинский район,,81
Погарский район,,81
Почепский район,,81
Севский район,,81
Суземский район,,81
Трубчевский район,,81
Бежицкий район,,82
Володарский район,,82
городской округ Клинцы,,82
городской округ Сельцо,,82
городской округ Фокино,,82
Жуковский муниципальный округ,,82
Глинищевское сельское поселение,,82
Домашовское сельское поселение,,82
Журиничское сельское поселение,,82
Нетьинское сельское поселение,,82
Новодарковичское сельское поселение,,82
Новосельское сельское поселение,,82
Отрадненское сельское поселение,,82
Пальцовское сельское поселение,,82
Стекляннорадицкое сельское поселение,,82
Чернетовское сельское поселение,,82
Гордеевский район,,82
Дубровский район,,82
Дятьковский район,,82
Жирятинский район,,82
Клетнянский район,,82
Клинцовский район,,82
Красногорский район,1242316,82
Мглинский район,,82
Рогнединский район,,82
Суражский район,,82
Унечский район,,82
Октябрьский район,3856723,83
городской округ Гусь-Хрустальный,,83
городской округ Ковров,,83
городской округ Муром,,83
Меленковский муниципальный округ,,83
Вязниковский район,,83
Гороховецкий район,,83
Гусь-Хрустальный район,,83
Камешковский район,,83
Ковровский район,,83
Селивановский район,,83
Ленинский район,3856688,84
Фрунзенский район,3856731,84
ЗАТО Радужный,,84
Собинский муниципальный округ,,84
Александровский район,389661,84
Киржачский район,,84
Кольчугинский район,,84
Петушинский район,,84
Судогодский район,,84
Суздальский район,,84
Юрьев-Польский район,,84
Ворошиловский район,4039471,85
Дзержинский район,4039467,85
Центральный район,4039473,85
городской округ Камышин,,85
городской округ Фролово,,85
Городищенский район,1107378,85
Даниловский район,1106196,85
Дубовский район,1107379,85
Еланский район,,85
Жирновский район,,85
Иловлинский район,,85
Камышинский район,,85
Киквидзенский район,,85
Котовский район,,85
Ольховский район,,85
Руднянский район,,85
Фроловский район,,85
Кировский район,4039469,86
Красноармейский район,4039778,86
Советский район,4039468,86
городской округ Урюпинск,,86
муниципальный округ Михайловка,,86
Алексеевский район,1104547,86
Калачёвский район,,86
Клетский район,,86
Котельниковский район,,86
Кумылженский район,,86
Нехаевский район,,86
Новоаннинский район,,86
Новониколаевский район,,86
Октябрьский район,1101525,86
Светлоярский район,,86
Серафимовичский район,,86
Суровикинский район,,86
Урюпинский район,,86
Чернышковский район,,86
Краснооктябрьский район,,87
Тракторозаводский район,4039474,87
городской округ Волжский,,87
Быковский район,,87
Ленинский район,1099978,87
Николаевский район,1107967,87
Палласовский район,,87
Среднеахтубинский район,,87
Старополтавский район,,87
городской округ Вологда,,88
Бабушкинский муниципальный округ,,88
Великоустюгский муниципальный округ,,88
Верховажский муниципальный округ,,88
Вологодский муниципальный округ,,88
Грязовецкий муниципальный округ,,88
Кичменгско-Городецкий муниципальный округ,,88
Междуреченский муниципальный округ,1327502,88
Никольский муниципальный округ,,88
Нюксенский муниципальный округ,,88
Сокольский муниципальный округ,,88
Сямженский муниципальный округ,,88
Тарногский муниципальный округ,,88
Тотемский муниципальный округ,,88
городской округ Череповец,,89
Бабаевский муниципальный округ,,89
Белозерский муниципальный округ,,89
Вашкинский муниципальный округ,,89
Вожегодский муниципальный округ,,89
Кадуйский муниципальный округ,,89
Кирилловский муниципальный округ,,89
Усть-Кубинский муниципальный округ,,89
Устюженский муниципальный округ,,89
Харовский муниципальный округ,,89
Чагодощенский муниципальный округ,,89
Вытегорский район,,89
Череповецкий район,,89
Шекснинский район,,89
Коминтерновский район,,90
Советский район,3391092,90
городской округ Нововоронеж,,90
Каменский район,939413,90
Нижнедевицкий район,,90
Ольховатский район,,90
Острогожский район,,90
Подгоренский район,,90
Репьёвский район,,90
Семилукский район,,90
Хохольский район,,90
Железнодорожный район,3390318,91
Ленинский район,3390370,91
Центральный район,3390498,91
Борисоглебский городской округ,,91
Аннинский район,,91
Верхнехавский район,,91
Грибановский район,,91
Новоусманский район,,91
Панинский район,,91
Поворинский район,,91
Рамонский район,,91
Терновский район,,91
Эртильский район,,91
Левобережный район,,92
Бобровский район,,92
Богучарский район,,92
Бутурлиновский район,,92
Верхнемамонский район,,92
Воробьёвский район,,92
Калачеевский район,,92
Кантемировский район,,92
Каширский район,,92
Лискинский район,,92
Новохопёрский район,,92
Павловский район,1144994,92
Петропавловский район,938981,92
Россошанский район,,92
Таловский район,,92
Ивановская область,,93
Октябрьский административный округ,5827642,95
Правобережный административный округ,,95
городской округ Саянск,,95
Зиминское городское муниципальное образование,,95
Балаганский район,,95
Жигаловский район,,95
Качугский район,,95
Баяндаевский район,,95
Зиминский район,,95
Куйтунский район,,95
Ольхонский район,,95
Осинский район,,95
Слюдянский район,,95
Эхирит-Булагатский район,,95
Усть-Удинский район,,95
Ленинский административный округ,5826259,96
городской округ Свирск,,96
городской округ Усолье-Сибирское,,96
Ангарский городской округ,,96
Нукутский район,,96
Аларский район,,96
Боханский район,,96
Свердловский административный округ,,97
городской округ Черемхово,,97
городской округ Тулун,,97
Заларинский район,,97
Тайшетский район,,97
Нижнеудинский район,,97
Тулунский район,,97
Усольский район,,97
Черемховский район,,97
Шелеховский район,,97
городской округ Братск,,98
городской округ Усть-Илимск,,98
Киренский район,,98
Нижнеилимский район,,98
Усть-Илимский муниципальный округ,,98
Чунский муниципальный округ,,98
Бодайбинский район,,98
Братский район,,98
Казачинско-Ленский район,,98
Катангский район,,98
Мамско-Чуйский район,,98
Усть-Кутский район,,98
Ленинградский район,331412,99
Балтийский городской округ,,99
Пионерский городской округ,,99
Светлогорский городской округ,,99
Советский городской округ,,99
Янтарный городской округ,,99
Зеленоградский муниципальный округ,,99
Краснознаменский муниципальный округ,,99
Неманский муниципальный округ,,99
Полесский муниципальный округ,,99
Славский муниципальный округ,,99
Московский район,331413,100
Центральный район,331411,100
Гусевский городской округ,,100
Ладушкинский городской округ,,100
Мамоновский городской округ,,100
Багратионовский муниципальный округ,,100
Гвардейский муниципальный округ,,100
Нестеровский муниципальный округ,,100
Озёрский муниципальный округ,,100
Правдинский муниципальный округ,,100
Светловский городской округ,,100
Черняховский муниципальный округ,,100
Калужская область,,101
Анжеро-Судженский городской округ,,102
Берёзовский городской округ,,102
Кировский район,1174749,102
Рудничный район,,102
Центральный район,1172839,102
Тайгинский городской округ,,102
Юргинский городской округ,,102
Ижморский муниципальный округ,,102
Мариинский муниципальный округ,,102
Тисульский муниципальный округ,,102
Тяжинский муниципальный округ,,102
Чебулинский муниципальный округ,,102
Яйский муниципальный округ,,102
Яшкинский муниципальный округ,,102
Ленинский район,1174181,103
Киселёвский городской округ,,103
Мысковский городской округ,,103
Прокопьевский городской округ,,103
Крапивинский муниципальный округ,,103
Междуреченский муниципальный округ,1151561,103
Беловский городской округ,,104
Заводский район,,104
Беловский муниципальный округ,,104
Гурьевский муниципальный округ,1149118,104
Ленинск-Кузнецкий муниципальный округ,,104
Промышленновский муниципальный округ,,104
Топкинский муниципальный округ,,104
Юргинский муниципальный округ,,104
Калтанский городской округ,,105
Новокузнецкий городской округ,,105
Осинниковский городской округ,,105
Таштагольский район,,105
Октябрьский район,2361093,106
Первомайский район,2383149,106
городской округ Котельнич,,106
городской округ Слободской,,106
ЗАТО Первомайский,,106
Афанасьевский муниципальный округ,,106
Верхнекамский муниципальный округ,,106
Лузский муниципальный округ,,106
Мурашинский муниципальный округ,,106
Опаринский муниципальный округ,,106
Свечинский муниципальный округ,,106
Фалёнский муниципальный округ,,106
Белохолуницкий район,,106
Даровской район,,106
Зуевский район,,106
Котельничский район,,106
Нагорский район,,106
Омутнинский район,,106
Оричевский район,,106
Орловский район,382788,106
Подосиновский район,,106
Слободской район,,106
Шабалинский район,,106
Юрьянский район,,106
Ленинский район,2361092,107
Нововятский район,,107
городской округ Вятские Поляны,,107
городской округ Кирово-Чепецк,,107
Арбажский муниципальный округ,,107
Богородский муниципальный округ,383516,107
Кикнурский муниципальный округ,,107
Лебяжский муниципальный округ,,107
Немский муниципальный округ,,107
Пижанский муниципальный округ,,107
Санчурский муниципальный округ,,107
Унинский муниципальный округ,,107
Верхошижемский район,,107
Вятскополянский район,,107
Кильмезский район,,107
Кирово-Чепецкий район,,107
Кумёнский район,,107
Малмыжский район,,107
Нолинский район,,107
Советский район,383518,107
Сунский район,,107
Тужинский район,,107
Уржумский район,,107
Яранский район,,107
Костромская область,,108
Курганская область,,109
городской округ Железногорск,,110
Центральный округ,2307160,110
городской округ Курчатов,,110
городской округ Льгов,,110
Дмитриевский район,,110
Железногорский район,,110
Золотухинский район,,110
Конышёвский район,,110
Бесединский сельсовет,,110
Брежневский сельсовет,,110
Винниковский сельсовет,,110
Камышинский сельсовет,,110
Моковский сельсовет,,110
Нижнемедведицкий сельсовет,,110
Ноздрачевский сельсовет,,110
Пашковский сельсовет,,110
Полянский сельсовет,,110
Щетинский сельсовет,,110
Курчатовский район,1645647,110
Льговский район,,110
Поныровский район,,110
Фатежский район,,110
Хомутовский район,,110
Железнодорожный округ,,111
Сеймский округ,,111
городской округ Щигры,,111
Беловский район,,111
Большесолдатский район,,111
Глушковский район,,111
Горшеченский район,,111
Касторенский район,,111
Кореневский район,,111
Ворошневский сельсовет,,111
Клюквинский сельсовет,,111
Лебяженский сельсовет,,111
Новопоселеновский сельсовет,,111
Полевской сельсовет,,111
Рышковский сельсовет,,111
Шумаковский сельсовет,,111
Мантуровский район,,111
Медвенский район,,111
Обоянский район,,111
Октябрьский район,1646078,111
Пристенский район,,111
Рыльский район,,111
Советский район,1646092,111
Солнцевский район,,111
Суджанский район,,111
Тимский район,,111
Черемисиновский район,,111
Щигровский район,,111
Бугровское городское поселение,,112
Город Всеволожск,,112
Дубровское городское поселение,,112
Колтушское городское поселение,,112
Кузьмоловское городское поселение,,112
Морозовское городское поселение,,112
Муринское городское поселение,,112
Рахьинское городское поселение,,112
Сертоловское городское поселение,,112
Токсовское городское поселение,,112
Агалатовское сельское поселение,,112
Куйвозовское сельское поселение,,112
Лесколовское сельское поселение,,112
Новодевяткинское сельское поселение,,112
Романовское сельское поселение,,112
Щегловское сельское поселение,,112
Юкковское сельское поселение,,112
Выборгский район,,112
Приозерский район,,112
Сосновоборский городской округ,,113
Гатчинский муниципальный округ,,113
Волосовский район,,113
Кингисеппский район,,113
Ломоносовский район,391133,113
Лужский район,,113
Сланцевский район,,113
Бокситогорский район,,114
Волховский район,,114
Заневское городское поселение,,114
Свердловское городское поселение,,114
Киришский район,,114
Кировский район,1116466,114
Лодейнопольский район,,114
Подпорожский район,,114
Тихвинский район,,114
Тосненский район,,114
городской округ Елец,,115
Советский округ,,115
Правобережный округ,,115
Данковский район,,115
Елецкий район,,115
Краснинский район,,115
Лебедянский район,,115
Липецкий муниципальный округ,,115
Чаплыгинский район,,115
Лев-Толстовский район,,115
Левобережный округ,,116
Октябрьский округ,4734897,116
Воловский муниципальный округ,,116
Грязинский район,,116
Добринский район,,116
Добровский муниципальный округ,,116
Долгоруковский район,,116
Задонский район,,116
Измалковский муниципальный округ,,116
Становлянский муниципальный округ,,116
Тербунский район,,116
Усманский район,,116
Хлевенский район,,116
Магаданская область,,117
городской округ Балашиха,,118
городской округ Реутов,,118
городской округ Лобня,,119
городской округ Солнечногорск,,119
городской округ Химки,,119
Дмитровский муниципальный округ,,119
городской округ Воскресенск,,120
городской округ Кашира,,120
городской округ Коломна,,120
муниципальный округ Зарайск,,120
муниципальный округ Луховицы,,120
муниципальный округ Серебряные Пруды,,120
городской округ Восход,,121
городской округ Клин,,121
городской округ Красногорск,,121
Волоколамский муниципальный округ,,121
муниципальный округ Истра,,121
муниципальный округ Лотошино,,121
Можайский муниципальный округ,,121
муниципальный округ Шаховская,,121
городской округ Котельники,,122
Ленинский городской округ,,122
городской округ Люберцы,,122
городской округ Долгопрудный,,123
городской округ Королёв,,123
городской округ Мытищи,,123
городской округ Власиха,,124
городской округ Краснознаменск,,124
городской округ Молодёжный,,124
Наро-Фоминский городской округ,,124
Одинцовский городской округ,,124
Рузский муниципальный округ,,124
Орехово-Зуевский городской округ,,125
Павлово-Посадский городской округ,,125
городской округ Электросталь,,125
муниципальный округ Егорьевск,,125
муниципальный округ Шатура,,125
городской округ Домодедово,,126
городской округ Жуковский,,126
городской округ Лыткарино,,126
городской округ Подольск,,126
городской округ Дубна,,127
Пушкинский городской округ,,127
Сергиево-Посадский городской округ,,127
Талдомский городской округ,,127
городской округ Бронницы,,128
городской округ Серпухов,,128
городской округ Ступино,,128
муниципальный округ Чехов,,128
Богородский городской округ,,129
городской округ Звёздный городок,,129
городской округ Лосино-Петровский,,129
городской округ Фрязино,,129
городской округ Черноголовка,,129
городской округ Щёлково,,129
Мурманская область,,130
Кстовский муниципальный округ,,131
Нижегородский район,1203429,131
Советский район,1203475,131
Большеболдинский муниципальный округ,,131
Большемурашкинский муниципальный округ,,131
Бутурлинский муниципальный округ,,131
Воротынский городской округ,,131
Гагинский муниципальный округ,,131
Княгининский муниципальный округ,,131
Краснооктябрьский муниципальный округ,,131
Лысковский муниципальный округ,,131
Пильнинский муниципальный округ,,131
Сергачский муниципальный округ,,131
Сеченовский муниципальный округ,,131
Спасский муниципальный округ,,131
городской округ Арзамас,,132
Ленинский район,2006089,132
Приокский район,,132
городской округ Саров,,132
городской округ Первомайск,,132
Вадский муниципальный округ,,132
Дальнеконстантиновский муниципальный округ,,132
Дивеевский муниципальный округ,,132
Лукояновский муниципальный округ,,132
Перевозский городской округ,,132
Починковский муниципальный округ,,132
Шатковский муниципальный округ,,132
городской округ Выкса,,133
городской округ Кулебаки,,133
Автозаводский район,2006088,133
Ардатовский муниципальный округ,,133
Вачский муниципальный округ,,133
Вознесенский муниципальный округ,,133
Навашинский городской округ,,133
Павловский муниципальный округ,,133
Сосновский муниципальный округ,,133
городской округ Дзержинск,,134
Канавинский район,,134
Московский район,2006066,134
Балахнинский муниципальный округ,,134
Володарский муниципальный округ,,134
Сормовский район,,135
городской округ Бор,,135
городской округ Чкаловск,,135
городской округ Шахунья,,135
Варнавинский муниципальный округ,,135
Ветлужский муниципальный округ,,135
Воскресенский муниципальный округ,,135
Городецкий муниципальный округ,,135
Ковернинский муниципальный округ,,135
Краснобаковский муниципальный округ,,135
Семёновский городской округ,,135
Сокольский городской округ,,135
Тонкинский муниципальный округ,,135
Тоншаевский муниципальный округ,,135
Уренский муниципальный округ,,135
Шарангский муниципальный округ,,135
Новгородская область,,136
Железнодорожный район,365341,137
Заельцовский район,,137
Калининский район,364762,137
городской округ Обь,,137
Венгеровский район,,137
Северный район,1070666,137
Татарский муниципальный округ,,137
Убинский район,,137
Чановский район,,137
Колыванский район,,137
Куйбышевский район,1070667,137
Кыштовский район,,137
Криводановский сельсовет,,137
Кубовинский сельсовет,,137
Кудряшовский сельсовет,,137
Мочищенский сельсовет,,137
Станционный сельсовет,,137
Усть-Таркский район,,137
Чистоозёрный район,,137
Дзержинский район,364776,138
Октябрьский район,364764,138
Центральный район,364763,138
городской округ Кольцово,,138
Маслянинский муниципальный округ,,138
Болотнинский район,,138
Мошковский район,,138
Барышевский сельсовет,,138
Березовский сельсовет,,138
Каменский сельсовет,,138
Новолуговской сельсовет,,138
Плотниковский сельсовет,,138
Раздольненский сельсовет,,138
Тогучинский район,,138
Черепановский район,,138
городской округ Бердск,,139
городской округ Искитим,,139
Первомайский район,366541,139
Советский район,366519,139
Карасукский муниципальный округ,,139
Сузунский район,,139
Баганский район,,139
Искитимский район,,139
Кочковский район,,139
Краснозёрский район,,139
городское поселение Краснообск,,139
Боровской сельсовет,,139
Мичуринский сельсовет,,139
Морской сельсовет,,139
Ордынский район,,139
Кировский район,365403,140
Ленинский район,365401,140
Доволенский район,,140
Барабинский район,,140
Здвинский район,,140
Каргатский район,,140
Коченёвский район,,140
Купинский район,,140
Верх-Тулинский сельсовет,,140
Толмачёвский сельсовет,,140
Ярковский сельсовет,,140
Чулымский район,,140
Октябрьский административный округ,3902909,141
Центральный административный округ,3902910,141
Калачинский район,,141
Кормиловский район,,141
Нововаршавский район,,141
Оконешниковский район,,141
Павлоградский район,,141
Андреевское сельское поселение,,141
Богословское сельское поселение,,141
Красноярское сельское поселение,,141
Петровское сельское поселение,,141
Покровское сельское поселение,5891504,141
Ростовкинское сельское поселение,,141
Русско-Полянский район,,141
Черлакский район,,141
Кировский административный округ,,142
Ленинский административный округ,3902780,142
Азовский немецкий национальный район,,142
Марьяновский район,,142
Москаленский район,,142
Одесский район,,142
Полтавский район,,142
Таврический район,,142
Шербакульский район,,142
Ачаирское сельское поселение,,142
Иртышское сельское поселение,,142
Калининское сельское поселение,,142
Комсомольское сельское поселение,,142
Лузинское сельское поселение,,142
Магистральное сельское поселение,,142
Морозовское сельское поселение,,142
Новоомское сельское поселение,,142
Розовское сельское поселение,,142
Троицкое сельское поселение,,142
Усть-Заостровское сельское поселение,,142
Советский административный округ,,143
Большереченский район,,143
Большеуковский район,,143
Горьковский район,,143
Исилькульский район,,143
Колосовский район,,143
Крутинский район,,143
Любинский район,,143
Называевский район,,143
Нижнеомский район,,143
Саргатский район,,143
Седельниковский район,,143
Тарский район,,143
Тевризский район,,143
Тюкалинский район,,143
Усть-Ишимский район,,143
Знаменский район,,143
Муромцевский район,,143
Чернолучинское городское поселение,,143
Дружинское сельское поселение,,143
Ключевское сельское поселение,,143
Надеждинское сельское поселение,,143
Новотроицкое сельское поселение,,143
Омское сельское поселение,,143
Пушкинское сельское поселение,,143
Ленинский район,5889576,144
Центральный район,5889439,144
Соль-Илецкий муниципальный округ,,144
Сорочинский муниципальный округ,,144
Илекский район,,144
Курманаевский район,,144
Новосергиевский район,,144
Оренбургский район,,144
Первомайский район,1395130,144
Переволоцкий район,,144
Ташлинский район,,144
Тоцкий район,,144
городской округ Бугуруслан,,145
городской округ Бузулук,,145
Дзержинский район,5889575,145
Промышленный район,5889481,145
Абдулинский муниципальный округ,,145
Александровский район,1395227,145
Асекеевский район,,145
Бугурусланский район,,145
Бузулукский район,,145
Грачёвский район,,145
Красногвардейский район,1395226,145
Матвеевский район,,145
Октябрьский район,1395133,145
Пономарёвский район,,145
Сакмарский район,,145
Северный район,1395134,145
Тюльганский район,,145
Шарлыкский район,,145
городской округ Медногорск,,146
городской округ Новотроицк,,146
городской округ Орск,,146
ЗАТО Комаровский,,146
Гайский муниципальный округ,,146
Кувандыкский муниципальный округ,,146
Ясненский муниципальный округ,,146
Адамовский район,,146
Акбулакский район,,146
Беляевский район,,146
Домбаровский район,,146
Кваркенский район,,146
Новоорский район,,146
Саракташский район,,146
Светлинский район,,146
Орловская область,,147
городской округ Кузнецк,,148
Ленинский район,5892277,148
Первомайский район,5892276,148
Городищенский район,969647,148
Камешкирский район,,148
Колышлейский район,,148
Кузнецкий район,,148
Лопатинский район,,148
Лунинский район,,148
Малосердобинский район,,148
Неверкинский район,,148
Никольский район,,148
Пензенский район,,148
Сердобский район,,148
Сосновоборский район,,148
Шемышейский район,,148
ЗАТО Заречный,,149
Железнодорожный район,5887852,149
Октябрьский район,5887751,149
Башмаковский район,,149
Бековский район,,149
Белинский район,,149
Бессоновский район,,149
Вадинский район,,149
Земетчинский район,,149
Иссинский район,,149
Каменский район,961250,149
Мокшанский район,,149
Наровчатский район,,149
Нижнеломовский район,,149
Пачелмский район,,149
Спасский район,961214,149
Тамалинский район,,149
Псковская область,,150
Железнодорожный район,2227607,151
Кировский район,2228364,151
Ленинский район,2227685,151
Октябрьский район,2228342,151
Пролетарский район,2228370,151
Советский район,2227024,151
городской округ Азов,,152
городской округ Батайск,,152
Азовский район,,152
Весёловский район,,152
Егорлыкский район,,152
Зерноградский район,,152
Кагальницкий район,,152
Орловский район,1589348,152
Песчанокопский район,,152
Пролетарский район,1589840,152
Сальский район,,152
Целинский район,,152
городской округ Новочеркасск,,153
Ворошиловский район,2228519,153
Первомайский район,2228520,153
Аксайский район,,153
Багаевский район,,153
городской округ Новошахтинск,,154
городской округ Таганрог,,154
Куйбышевский район,970737,154
Матвеево-Курганский район,,154
Мясниковский район,,154
Неклиновский район,,154
Каменоломненское городское поселение,,154
Алексеевское сельское поселение,,154
Бессергеневское сельское поселение,,154
Коммунарское сельское поселение,,154
Краснокутское сельское поселение,,154
Краснолучское сельское поселение,,154
Красюковское сельское поселение,,154
Кривянское сельское поселение,,154
Мокрологское сельское поселение,,154
Персиановское сельское поселение,,154
Родионово-Несветайский район,,154
городской округ Гуково,,155
городской округ Донецк,,155
городской округ Зверево,,155
городской округ Каменск-Шахтинский,,155
Белокалитвинский район,,155
Боковский район,,155
Верхнедонской район,,155
Каменский район,1521746,155
Кашарский район,,155
Красносулинский район,,155
Миллеровский район,,155
Милютинский район,,155
Обливский район,,155
Советский район,1607332,155
Тарасовский район,,155
Тацинский район,,155
Чертковский район,,155
Шолоховский район,,155
городской округ Волгодонск,,156
городской округ Шахты,,156
Волгодонской район,,156
Дубовский район,1561754,156
Заветинский район,,156
Зимовниковский район,,156
Константиновский район,,156
Мартыновский район,,156
Морозовский район,,156
Артемовское сельское поселение,,156
Керчикское сельское поселение,,156
Ремонтненский район,,156
Семикаракорский район,,156
Усть-Донецкий район,,156
Цимлянский район,,156
Московский район,5817684,157
Советский район,5817686,157
Касимовский муниципальный округ,,157
Пителинский муниципальный округ,,157
Путятинский муниципальный округ,,157
Сасовский муниципальный округ,,157
Ермишинский район,,157
Кадомский район,,157
Клепиковский район,,157
Варсковское сельское поселение,,157
Вышгородское сельское поселение,,157
Дубровическое сельское поселение,,157
Дядьковское сельское поселение,,157
Заборьевское сельское поселение,,157
Заокское сельское поселение,,157
Листвянское сельское поселение,,157
Льговское сельское поселение,,157
Мурминское сельское поселение,,157
Полянское сельское поселение,,157
Сараевский район,,157
Спасский район,1066114,157
Чучковский район,,157
Шацкий район,,157
Шиловский район,,157
Железнодорожный район,5817683,158
Октябрьский район,5817685,158
городской округ Скопин,,158
Кораблинский муниципальный округ,,158
Михайловский муниципальный округ,1059365,158
Ряжский муниципальный округ,,158
Александро-Невский район,,158
Захаровский район,,158
Милославский район,,158
Пронский район,,158
Рыбновский район,,158
Высоковское сельское поселение,,158
Екимовское сельское поселение,,158
Искровское сельское поселение,,158
Окское сельское поселение,,158
Подвязьевское сельское поселение,,158
Семёновское сельское поселение,,158
Турлатовское сельское поселение,,158
Тюшевское сельское поселение,,158
Сапожковский район,,158
Скопинский район,,158
Старожиловский район,,158
Ухоловский район,,158
городской округ Новокуйбышевск,,159
Железнодорожный район,283645,159
Куйбышевский район,283540,159
Ленинский район,283781,159
Октябрьский район,284542,159
Самарский район,,159
Алексеевский район,1244855,159
Большеглушицкий район,,159
Большечерниговский район,,159
сельское поселение Верхняя Подстёпновка,,159
сельское поселение Воскресенка,,159
сельское поселение Дубовый Умёт,,159
сельское поселение Курумоч,,159
сельское поселение Лопатино,,159
сельское поселение Подъём-Михайловка,,159
сельское поселение Рождествено,,159
сельское поселение Сухая Вязовка,,159
Нефтегорский район,,159
Автозаводский район,2448019,160
Центральный район,2448021,160
сельское поселение Верхнее Санчелеево,,160
сельское поселение Выселки,,160
сельское поселение Кирилловка,,160
сельское поселение Мусорка,,160
сельское поселение Нижнее Санчелеево,,160
сельское поселение Новая Бинарадка,,160
сельское поселение Пискалы,,160
сельское поселение Подстёпки,,160
сельское поселение Приморский,,160
сельское поселение Ташелка,,160
сельское поселение Тимофеевка,,160
сельское поселение Узюково,,160
городской округ Похвистнево,,161
Кировский район,285953,161
Красноглинский район,,161
городское поселение Петра Дубрава,,161
городское поселение Смышляевка,,161
Елховский район,,161
Исаклинский район,,161
Камышлинский район,,161
Клявлинский район,,161
Кошкинский район,,161
Красноярский район,,161
Похвистневский район,,161
Сергиевский район,,161
Челно-Вершинский район,,161
Шенталинский район,,161
городской округ Жигулёвск,,162
городской округ Октябрьск,,162
городской округ Сызрань,,162
Комсомольский район,2448020,162
городской округ Чапаевск,,162
Безенчукский район,,162
Красноармейский район,1253410,162
Пестравский район,,162
Приволжский район,1245501,162
сельское поселение Александровка,,162
сельское поселение Бахилово,,162
сельское поселение Большая Рязань,,162
сельское поселение Васильевка,,162
сельское поселение Верхние Белозёрки,,162
сельское поселение Жигули,,162
сельское поселение Луначарский,,162
сельское поселение Осиновка,,162
сельское поселение Севрюкаево,,162
сельское поселение Сосновый Солонец,,162
сельское поселение Хрящёвка,,162
сельское поселение Ягодное,,162
Сызранский район,,162
Хворостянский район,,162
Шигонский район,,162
городской округ Кинель,,163
городской округ Отрадный,,163
Промышленный район,285136,163
Советский район,284582,163
Богатовский район,,163
Борский район,,163
городское поселение Рощинский,,163
сельское поселение Просвет,,163
сельское поселение Спиридоновка,,163
сельское поселение Чёрновский,,163
сельское поселение Черноречье,,163
Кинельский район,,163
Кинель-Черкасский район,,163
Кировский район,3927440,164
Ленинский район,3892924,164
Фрунзенский район,3893063,164
ЗАТО Светлый,,164
Базарно-Карабулакский район,,164
Балтайский район,,164
Новобурасский район,,164
Петровский район,,164
Татищевский район,,164
Волжский район,,165
городской округ Шиханы,,165
муниципальный округ Михайловский,,165
Балаковский район,,165
Вольский район,,165
Воскресенский район,,165
Дергачёвский район,,165
Духовницкий район,,165
Ершовский район,,165
Ивантеевский район,,165
Краснопартизанский район,,165
Озинский район,,165
Перелюбский район,,165
Пугачёвский район,,165
Хвалынский район,,165
Заводской район,,166
Аркадакский район,,166
Аткарский район,,166
Балашовский район,,166
Екатериновский район,,166
Калининский район,1746028,166
Красноармейский район,1746029,166
Лысогорский район,,166
Романовский район,1746043,166
Ртищевский район,,166
Самойловский район,,166
Турковский район,,166
Октябрьский район,3893182,167
Александрово-Гайский район,,167
Краснокутский район,,167
Марксовский район,,167
Новоузенский район,,167
Питерский район,,167
Ровенский район,,167
Советский район,1746048,167
Фёдоровский район,1746089,167
Энгельсский район,,167
Сахалинская область,,168
Академический район,14040275,169
Верх-Исетский район,,169
Железнодорожный район,5818948,169
Ленинский район,5817698,169
Чкаловский район,,170
Арамильский городской округ,,170
ЗАТО Уральский,,170
городской округ Каменск-Уральский,,170
муниципальный округ Богданович,,170
Каменский муниципальный округ,,170
Сысертский муниципальный округ,,170
Кировский район,5818883,171
Орджоникидзевский район,5819002,171
Артёмовский муниципальный округ,,171
Берёзовский муниципальный округ,1059796,171
Режевской муниципальный округ,,171
муниципальный округ Нижний Тагил,,172
городской округ Верхняя Пышма,,172
городской округ Верхняя Тура,,172
ЗАТО Свободный,,172
Горноуральский муниципальный округ,,172
Кировградский муниципальный округ,,172
Кушвинский муниципальный округ,,172
Невьянский муниципальный округ,,172
муниципальный округ Среднеуральск,,172
Октябрьский район,5803648,173
городской округ Ирбит,,173
городской округ Верхнее Дуброво,,173
Камышловский городской округ,,173
Рефтинский городской округ,,173
Асбестовский муниципальный округ,,173
Белоярский муниципальный округ,,173
муниципальный округ Заречный,,173
Ирбитский муниципальный округ,,173
Малышевский муниципальный округ,,173
Пышминский муниципальный округ,,173
муниципальный округ Сухой Лог,,173
Талицкий муниципальный округ,,173
Тугулымский муниципальный округ,,173
Туринский муниципальный округ,,173
Байкаловский район,,173
Камышловский район,,173
Слободо-Туринский район,,173
городской округ Верх-Нейвинский,,174
городской округ Красноуфимск,,174
Новоуральский городской округ,,174
Артинский муниципальный округ,,174
Ачитский муниципальный округ,,174
Бисертский муниципальный округ,,174
муниципальный округ Верхний Тагил,,174
муниципальный округ Дегтярск,,174
муниципальный округ Красноуфимский округ,,174
муниципальный округ Первоуральск,,174
Полевской муниципальный округ,,174
муниципальный округ Ревда,,174
муниципальный округ Староуткинск,,174
Шалинский муниципальный округ,,174
Нижнесергинский район,,174
городской округ Лесной,,175
муниципальный округ Алапаевск,,175
муниципальный округ Алапаевское,,175
Верхнесалдинский муниципальный округ,,175
муниципальный округ Верхотурский,,175
Волчанский муниципальный округ,,175
Гаринский муниципальный округ,,175
Ивдельский муниципальный округ,,175
Качканарский муниципальный округ,,175
Нижнетуринский муниципальный округ,,175
Новолялинский муниципальный округ,,175
Североуральский муниципальный округ,,175
Серовский муниципальный округ,,175
Сосьвинский муниципальный округ,,175
Тавдинский муниципальный округ,,175
муниципальный округ Карпинск,,175
муниципальный округ Краснотурьинск,,175
муниципальный округ Красноуральск,,175
Махнёвский муниципальный округ,,175
муниципальный округ Нижняя Салда,,175
муниципальный округ Пелым,,175
Таборинский район,,175
Смоленская область,,176
Тамбовская область,,177
Московский район,1784072,178
Пролетарский район,1784081,178
Центральный район,1784077,178
Бежецкий муниципальный округ,,178
Весьегонский муниципальный округ,,178
Калязинский муниципальный округ,,178
Кашинский муниципальный округ,,178
Кесовогорский муниципальный округ,,178
Кимрский муниципальный округ,,178
Конаковский муниципальный округ,,178
Краснохолмский муниципальный округ,,178
Лесной муниципальный округ,,178
Максатихинский муниципальный округ,,178
Молоковский муниципальный округ,,178
Рамешковский муниципальный округ,,178
Сандовский муниципальный округ,,178
Сонковский муниципальный округ,,178
Удомельский муниципальный округ,,178
Заволжский район,1263279,179
городской округ Торжок,,179
ЗАТО Озёрный,,179
ЗАТО Солнечный,1724015,179
Андреапольский муниципальный округ,,179
Бельский муниципальный округ,,179
Бологовский муниципальный округ,,179
Вышневолоцкий муниципальный округ,,179
Жарковский муниципальный округ,,179
Западнодвинский муниципальный округ,,179
Зубцовский муниципальный округ,,179
Кувшиновский муниципальный округ,,179
Лихославльский муниципальный округ,,179
Нелидовский муниципальный округ,,179
Оленинский муниципальный округ,,179
Осташковский муниципальный округ,,179
Пеновский муниципальный округ,,179
Ржевский муниципальный округ,,179
Селижаровский муниципальный округ,,179
Спировский муниципальный округ,,179
Старицкий муниципальный округ,,179
Торопецкий муниципальный округ,,179
Фировский муниципальный округ,,179
Торжокский район,,179
Томская область,,180
Привокзальный территориальный округ,,181
Советский территориальный округ,,181
Центральный территориальный округ,,181
городской округ Славный,,181
Ефремовский муниципальный округ,,181
Арсеньевский район,,181
Белёвский район,,181
Богородицкий район,,181
Воловский район,,181
Дубенский район,,181
Каменский район,1748978,181
Киреевский район,,181
Куркинский район,,181
Одоевский район,,181
Плавский район,,181
Суворовский район,,181
Тёпло-Огарёвский район,,181
Чернский район,,181
Щёкинский район,,181
городской округ Алексин,,182
городской округ Донской,,182
городской округ Новомосковск,,182
Зареченский территориальный округ,,182
Пролетарский территориальный округ,,182
городской округ Новогуровский,,182
Венёвский район,,182
Заокский район,,182
Кимовский район,,182
Узловский район,,182
Ясногорский район,,182
городской округ Ишим,,183
городской округ Тобольск,,183
Ленинский административный округ,897991,183
Центральный административный округ,897988,183
Абатский район,,183
Аромашевский район,,183
Вагайский район,,183
Викуловский район,,183
Ишимский район,,183
Нижнетавдинский район,,183
Сорокинский район,,183
Тобольский район,,183
Уватский район,,183
Юргинский район,,183
Ярковский район,,183
Восточный административный округ,,184
Калининский административный округ,,184
городской округ Ялуторовск,,184
Голышмановский муниципальный округ,,184
Заводоуковский муниципальный округ,,184
Армизонский район,,184
Бердюжский район,,184
Исетский район,,184
Казанский район,,184
Омутинский район,,184
Сладковский район,,184
Тюменский район,,184
Упоровский район,,184
Ялуторовский район,,184
городской округ Димитровград,,185
Заволжский район,3155928,185
Ленинский район,3115289,185
Кузоватовский район,,185
Мелекесский район,,185
Новомалыклинский район,,185
Сенгилеевский район,,185
Старомайнский район,,185
Тереньгульский район,,185
Чердаклинский район,,185
городской округ Новоульяновск,,186
Железнодорожный район,3155858,186
Засвияжский район,,186
Базарносызганский район,,186
Барышский район,,186
Вешкаймский район,,186
Инзенский район,,186
Карсунский район,,186
Майнский район,,186
Николаевский район,1760236,186
Новоспасский район,,186
Павловский район,1760239,186
Радищевский район,,186
Старокулаткинский район,,186
Сурский район,,186
Ульяновский район,,186
Цильнинский район,,186
Калининский район,1579611,188
Тракторозаводский район,1581743,188
Центральный район,1579833,188
Пластовский муниципальный округ,,188
Сосновский район,,188
Уйский район,,188
Чебаркульский район,,188
Верхнеуфалейский городской округ,,189
Кыштымский городской округ,,189
Озёрский городской округ,,189
Снежинский городской округ,,189
Курчатовский район,1579610,189
Металлургический район,,189
Нязепетровский муниципальный округ,,189
Каслинский район,,189
Красноармейский район,398394,189
Кунашакский район,,189
Копейский городской округ,,189
Ленинский район,1581744,190
Советский район,1581689,190
Южноуральский городской округ,,190
Еманжелинский район,,190
Еткульский район,,190
Коркинский муниципальный округ,,190
Октябрьский район,398386,190
Увельский район,,190
Локомотивный городской округ,,191
Магнитогорский городской округ,,191
Троицкий городской округ,,191
Агаповский район,,191
Брединский район,,191
Варненский район,,191
Верхнеуральский район,,191
Карталинский район,,191
Кизильский район,,191
Нагайбакский район,,191
Троицкий район,398423,191
Чесменский район,,191
Златоустовский городской округ,,192
Карабашский городской округ,,192
Миасский городской округ,,192
Трёхгорный городской округ,,192
Усть-Катавский городской округ,,192
Чебаркульский городской округ,,192
Аргаяшский район,,192
Ашинский район,,192
Катав-Ивановский район,,192
Кусинский район,,192
Саткинский муниципальный округ,,192
Дзержинский район,3352045,193
Заволжский район,3351787,193
Ленинский район,3352060,193
Фрунзенский район,3351788,193
Даниловский район,1277971,193
Любимский район,,193
Некрасовский район,,193
Первомайский район,1375570,193
Пошехонский район,,193
Арефинское сельское поселение,,193
Назаровское сельское поселение,,193
Огарковское сельское поселение,,193
Октябрьское сельское поселение,,193
сельское поселение Песочное,,193
Тутаевский район,,193
Заволжское сельское поселение,,193
Кузнечихинское сельское поселение,,193
Некрасовское сельское поселение,,193
городское поселение Лесная Поляна,,193
городской округ Рыбинск,,194
Кировский район,3351953,194
Красноперекопский район,3351824,194
Большесельский район,,194
Борисоглебский район,,194
Брейтовский район,,194
Гаврилов-Ямский район,,194
Мышкинский район,,194
Некоузский район,,194
Переславль-Залесский муниципальный округ,,194
Ростовский район,,194
Волжское сельское поселение,,194
Глебовское сельское поселение,,194
Каменниковское сельское поселение,,194
Покровское сельское поселение,1432235,194
Судоверфское сельское поселение,,194
Тихменевское сельское поселение,,194
Угличский район,,194
Ивняковское сельское поселение,,194
Карабихское сельское поселение,,194
Курбское сельское поселение,,194
Туношенское сельское поселение,,194
район Богородское,,195
район Сокольники,,195
Алексеевский район,1250526,195
Бабушкинский район,,195
Бутырский район,,195
Лосиноостровский район,,195
район Марфино,,195
район Марьина Роща,,195
Останкинский район,,195
район Ростокино,,195
район Свиблово,,195
Ярославский район,,195
район Крылатское,,196
район Кунцево,,196
Можайский район,,196
район Филёвский Парк,,196
район Фили-Давыдково,,196
район Строгино,,196
район Аэропорт,,197
район Беговой,,197
Бескудниковский район,,197
район Восточное Дегунино,,197
Дмитровский район,,197
район Западное Дегунино,,197
район Коптево,,197
Савёловский район,,197
Тимирязевский район,,197
Хорошёвский район,,197
район Выхино-Жулебино,,198
район Капотня,,198
район Кузьминки,,198
район Люблино,,198
район Марьино,,198
Алтуфьевский район,,199
район Бибирево,,199
район Лианозово,,199
район Отрадное,,199
район Северное Медведково,,199
район Северный,,199
район Южное Медведково,,199
район Печатники,,200
Южнопортовый район,,200
Даниловский район,1281209,200
Донской район,,200
район Москворечье-Сабурово,,200
район Нагатино-Садовники,,200
район Нагатинский Затон,,200
Нагорный район,,200
район Чертаново Северное,,200
район Котловка,,200
Новомосковский административный округ,,201
Троицкий административный округ,,201
район Бирюлёво Восточное,,202
район Бирюлёво Западное,,202
район Братеево,,202
район Зябликово,,202
район Орехово-Борисово Северное,,202
Орехово-Борисово Южное,,202
район Царицыно,,202
район Вешняки,,203
район Косино-Ухтомский,,203
район Новогиреево,,203
район Новокосино,,203
район Перово,,203
район Некрасовка,,203
Нижегородский район,1278046,203
Рязанский район,,203
район Текстильщики,,203
район Восточное Измайлово,,204
район Восточный,,204
район Гольяново,,204
район Ивановское,,204
район Измайлово,,204
район Метрогородок,,204
район Преображенское,,204
район Северное Измайлово,,204
район Соколиная Гора,,204
Войковский район,,205
район Сокол,,205
район Митино,,205
район Покровское-Стрешнево,,205
район Хорошёво-Мнёвники,,205
район Щукино,,205
район Южное Тушино,,205
Зеленоградский административный округ,,206
Головинский район,,206
район Левобережный,,206
Молжаниновский район,,206
район Ховрино,,206
район Куркино,,206
район Северное Тушино,,206
Центральный административный округ,2162196,207
район Лефортово,,207
Академический район,1281220,208
Гагаринский район,,208
район Зюзино,,208
район Коньково,,208
Ломоносовский район,1281702,208
Обручевский район,,208
район Тёплый Стан,,208
район Черёмушки,,208
район Северное Бутово,,209
район Южное Бутово,,209
район Ясенево,,209
район Чертаново Центральное,,209
район Чертаново Южное,,209
район Дорогомилово,,210
Ново-Переделкино,,210
район Очаково-Матвеевское,,210
район Проспект Вернадского,,210
район Раменки,,210
район Солнцево,,210
Тропарёво-Никулино,,210
округ Малая Охта,,211
округ Пороховые,,211
Невский район,,211
Красносельский район,,212
Кронштадтский район,,212
Петродворцовый район,,212
округ Сампсониевское,,213
округ Светлановское,,213
округ Шувалово-Озерки,,213
Левашово,,213
Парголово,,213
округ Академическое,,213
округ Гражданка,,213
Петроградский район,,213
Литейный округ,,213
округ Смольнинское,,213
округ № 15,,214
округ Сергиевское,,214
округ Сосновское,,214
округ № 21,,214
округ Пискарёвка,,214
округ Прометей,,214
округ Северный,,214
Финляндский округ,,214
округ Большая Охта,,214
округ Полюстрово,,214
округ Ржевка,,214
Курортный район,,215
Приморский район,,215
Адмиралтейский округ,,216
Екатерингофский округ,,216
округ Коломна,,216
Василеостровский район,,216
Кировский район,1114809,216
Колпинский район,,217
Фрунзенский район,369514,217
округ № 78,,217
Владимирский округ,,217
Дворцовый округ,,217
округ Лиговка-Ямская,,217
округ Измайловское,,218
округ Семёновский,,218
Сенной округ,,218
Московский район,338636,218
Пушкинский район,,218
Севастополь,3788485,219
Еврейская автономная область,,220
Ненецкий автономный округ,,221
городской округ Когалым,,222
городской округ Нефтеюганск,,222
городской округ Нягань,,222
городской округ Пыть-Ях,,222
городской округ Урай,,222
городской округ Ханты-Мансийск,,222
городской округ Югорск,,222
Белоярский район,,222
Берёзовский район,,222
Кондинский район,,222
Нефтеюганский район,,222
Октябрьский район,1761426,222
Советский район,1442695,222
Ханты-Мансийский район,,222
городской округ Лангепас,,223
городской округ Мегион,,223
городской округ Нижневартовск,,223
городской округ Покачи,,223
городской округ Радужный,,223
городской округ Сургут,,223
Нижневартовский район,,223
Чукотский автономный округ,,224
Ямало-Ненецкий автономный округ,,225
